,id,year,filename,inhabitants,resistance[K W-1],capacitance[J K-1],method,heating:demand[Wh],heating:load_max[W],cooling:demand[Wh],cooling:load_max[W],stories,area[m2],climate_zone
370,6802,1918,G3500090_mixed_dry.csv,1,0.0019726693547284,79139415.31167698,geoma,34120475,19868,4719010,9825,1,82.2191904,mixed dry
371,6802,1919,G3500090_mixed_dry.csv,1,0.0025681371640611,51034622.09417228,geoma,27172716,15785,3829551,7806,1,82.2191904,mixed dry
372,6802,1949,G3500090_mixed_dry.csv,1,0.0020156645544375,57716946.51874163,geoma,33591022,19493,4773064,9639,1,82.2191904,mixed dry
373,6802,1958,G3500090_mixed_dry.csv,1,0.0019727230621247,70588566.51677369,geoma,34164793,19868,4773704,9825,1,82.2191904,mixed dry
374,6802,1969,G3500090_mixed_dry.csv,1,0.0031095181869361,104510791.9795262,geoma,22872101,13430,3018992,6641,1,82.2191904,mixed dry
375,6802,1979,G3500090_mixed_dry.csv,1,0.0037202188763346,39474484.73831428,geoma,19950112,11596,2798469,5734,1,82.2191904,mixed dry
376,6802,1984,G3500090_mixed_dry.csv,1,0.0043134274767118,26836950.58487568,geoma,17801274,10312,2563691,5099,1,82.2191904,mixed dry
377,6802,1995,G3500090_mixed_dry.csv,1,0.0067697028890045,56703831.55511367,geoma,12587271,7389,1662944,3654,1,82.2191904,mixed dry
378,6802,2002,G3500090_mixed_dry.csv,1,0.0103797747134155,57997749.72255892,geoma,9513885,5604,1233092,2771,1,82.2191904,mixed dry
379,6802,2009,G3500090_mixed_dry.csv,1,0.0103797747134155,57997749.72255892,geoma,9513885,5604,1233092,2771,1,82.2191904,mixed dry
380,36022,1918,G3500090_mixed_dry.csv,2,0.0010330250762927,151124985.171451,geoma,75625126,37612,15807342,115293,1,157.00613760000002,mixed dry
381,36022,1919,G3500090_mixed_dry.csv,2,0.0013448528936059,97455945.01599,geoma,59193441,29440,12367602,69641,1,157.00613760000002,mixed dry
382,36022,1949,G3500090_mixed_dry.csv,2,0.0010555403140101,110216541.9397439,geoma,74113502,36860,15482012,75522,1,157.00613760000002,mixed dry
383,36022,1958,G3500090_mixed_dry.csv,2,0.0010330532011718,134796245.6647995,geoma,75623196,37611,15802903,99147,1,157.00613760000002,mixed dry
384,36022,1969,G3500090_mixed_dry.csv,2,0.0016283571570641,199574280.7292647,geoma,49716067,24726,10416547,174905,1,157.00613760000002,mixed dry
385,36022,1979,G3500090_mixed_dry.csv,2,0.0019481619559503,75380654.47203517,geoma,42335952,21056,8846881,55424,1,157.00613760000002,mixed dry
386,36022,1984,G3500090_mixed_dry.csv,2,0.0022588066963846,51247962.13383039,geoma,37168068,18485,7763265,33893,1,157.00613760000002,mixed dry
387,36022,1995,G3500090_mixed_dry.csv,2,0.0035450810986798,108281893.02614926,geoma,25408774,12637,5325219,95604,1,157.00613760000002,mixed dry
388,36022,2002,G3500090_mixed_dry.csv,2,0.0054355624978537,110752765.00692044,geoma,18226622,9065,3828147,101291,1,157.00613760000002,mixed dry
389,36022,2009,G3500090_mixed_dry.csv,2,0.0054355624978537,110752765.00692044,geoma,18226622,9065,3828147,101291,1,157.00613760000002,mixed dry
390,47293,1918,G3500090_mixed_dry.csv,4,0.0019726693547284,79139415.31167698,geoma,34102049,19868,1065090,7915,1,82.2191904,mixed dry
391,47293,1919,G3500090_mixed_dry.csv,4,0.0025681371640611,51034622.09417228,geoma,27156428,15785,933744,6288,1,82.2191904,mixed dry
392,47293,1949,G3500090_mixed_dry.csv,4,0.0020156645544375,57716946.51874163,geoma,33567802,19493,1201493,7765,1,82.2191904,mixed dry
393,47293,1958,G3500090_mixed_dry.csv,4,0.0019727230621247,70588566.51677369,geoma,34144579,19868,1125627,7915,1,82.2191904,mixed dry
394,47293,1969,G3500090_mixed_dry.csv,4,0.0031095181869361,104510791.9795262,geoma,22864438,13430,535158,5350,1,82.2191904,mixed dry
395,47293,1979,G3500090_mixed_dry.csv,4,0.0037202188763346,39474484.73831428,geoma,19938208,11596,669934,4619,1,82.2191904,mixed dry
396,47293,1984,G3500090_mixed_dry.csv,4,0.0043134274767118,26836950.58487568,geoma,17784852,10312,676070,4108,1,82.2191904,mixed dry
397,47293,1995,G3500090_mixed_dry.csv,4,0.0067697028890045,56703831.55511367,geoma,12582577,7389,296421,2944,1,82.2191904,mixed dry
398,47293,2002,G3500090_mixed_dry.csv,4,0.0103797747134155,57997749.72255892,geoma,9513607,5604,193911,2232,1,82.2191904,mixed dry
399,47293,2009,G3500090_mixed_dry.csv,4,0.0103797747134155,57997749.72255892,geoma,9513607,5604,193911,2232,1,82.2191904,mixed dry
400,48510,1918,G3500090_mixed_dry.csv,4,0.0010330250762927,151124985.171451,geoma,2048296507,492638,2026270714,1047231,1,157.00613760000002,mixed dry
401,48510,1919,G3500090_mixed_dry.csv,4,0.0013448528936059,97455945.01599,geoma,1322423041,321480,1305142242,670619,1,157.00613760000002,mixed dry
402,48510,1949,G3500090_mixed_dry.csv,4,0.0010555403140101,110216541.9397439,geoma,1496636351,366181,1474974502,755191,1,157.00613760000002,mixed dry
403,48510,1958,G3500090_mixed_dry.csv,4,0.0010330532011718,134796245.6647995,geoma,1828187504,442381,1806131046,930390,1,157.00613760000002,mixed dry
404,48510,1969,G3500090_mixed_dry.csv,4,0.0016283571570641,199574280.7292647,geoma,2697576991,632330,2683260519,1405613,1,157.00613760000002,mixed dry
405,48510,1979,G3500090_mixed_dry.csv,4,0.0019481619559503,75380654.47203517,geoma,1022364422,247405,1010016446,520271,1,157.00613760000002,mixed dry
406,48510,1984,G3500090_mixed_dry.csv,4,0.0022588066963846,51247962.13383039,geoma,696299032,171250,685426354,349922,1,157.00613760000002,mixed dry
407,48510,1995,G3500090_mixed_dry.csv,4,0.0035450810986798,108281893.02614926,geoma,1463379034,342510,1456071690,763342,1,157.00613760000002,mixed dry
408,48510,2002,G3500090_mixed_dry.csv,4,0.0054355624978537,110752765.00692044,geoma,1495631287,347502,1490438216,784266,1,157.00613760000002,mixed dry
409,48510,2009,G3500090_mixed_dry.csv,4,0.0054355624978537,110752765.00692044,geoma,1495631287,347502,1490438216,784266,1,157.00613760000002,mixed dry
410,61329,1918,G3500090_mixed_dry.csv,3,0.0019726693547284,79139415.31167698,geoma,30820459,19233,6446144,59352,1,82.2191904,mixed dry
411,61329,1919,G3500090_mixed_dry.csv,3,0.0025681371640611,51034622.09417228,geoma,24560295,15281,5189735,35445,1,82.2191904,mixed dry
412,61329,1949,G3500090_mixed_dry.csv,3,0.0020156645544375,57716946.51874163,geoma,30369220,18870,6450518,38525,1,82.2191904,mixed dry
413,61329,1958,G3500090_mixed_dry.csv,3,0.0019727230621247,70588566.51677369,geoma,30869885,19233,6490233,50896,1,82.2191904,mixed dry
414,61329,1969,G3500090_mixed_dry.csv,3,0.0031095181869361,104510791.9795262,geoma,20621716,13001,4189198,90568,1,82.2191904,mixed dry
415,61329,1979,G3500090_mixed_dry.csv,3,0.0037202188763346,39474484.73831428,geoma,18028787,11225,3798992,28000,1,82.2191904,mixed dry
416,61329,1984,G3500090_mixed_dry.csv,3,0.0043134274767118,26836950.58487568,geoma,16096784,9982,3449718,16725,1,82.2191904,mixed dry
417,61329,1995,G3500090_mixed_dry.csv,3,0.0067697028890045,56703831.55511367,geoma,11349156,7153,2306817,49041,1,82.2191904,mixed dry
418,61329,2002,G3500090_mixed_dry.csv,3,0.0103797747134155,57997749.72255892,geoma,8570219,5425,1726830,52019,1,82.2191904,mixed dry
419,61329,2009,G3500090_mixed_dry.csv,3,0.0103797747134155,57997749.72255892,geoma,8570219,5425,1726830,52019,1,82.2191904,mixed dry
420,71564,1918,G3500090_mixed_dry.csv,2,0.0014309937532251,109096143.1415208,geoma,41059982,25687,1400505,10571,1,113.3417088,mixed dry
421,71564,1919,G3500090_mixed_dry.csv,2,0.0018629519591755,70352812.37840699,geoma,32449192,20237,1213435,8328,1,113.3417088,mixed dry
422,71564,1949,G3500090_mixed_dry.csv,2,0.0014621828939977,79564604.24052519,geoma,40442078,25185,1579229,10364,1,113.3417088,mixed dry
423,71564,1958,G3500090_mixed_dry.csv,2,0.0014310327130987,97308532.37340556,geoma,41131954,25686,1479625,10570,1,113.3417088,mixed dry
424,71564,1969,G3500090_mixed_dry.csv,2,0.0022556750782282,144071374.2542621,geoma,27053995,17095,687543,7035,1,113.3417088,mixed dry
425,71564,1979,G3500090_mixed_dry.csv,2,0.0026986833652099,54416803.820049055,geoma,23462248,14647,851696,6028,1,113.3417088,mixed dry
426,71564,1984,G3500090_mixed_dry.csv,2,0.0031290027187622,36995570.29779472,geoma,20799444,12933,849851,5322,1,113.3417088,mixed dry
427,71564,1995,G3500090_mixed_dry.csv,2,0.0049108090629254,78167993.78219059,geoma,14291076,9034,358648,3717,1,113.3417088,mixed dry
428,71564,2002,G3500090_mixed_dry.csv,2,0.0075295906732563,79951700.18251061,geoma,10468980,6652,225306,2737,1,113.3417088,mixed dry
429,71564,2009,G3500090_mixed_dry.csv,2,0.0075295906732563,79951700.18251061,geoma,10468980,6652,225306,2737,1,113.3417088,mixed dry
430,78241,1918,G3500090_mixed_dry.csv,1,0.0019726693547284,79139415.31167698,geoma,64002865,429553,2907516,7280,1,82.2191904,mixed dry
431,78241,1919,G3500090_mixed_dry.csv,1,0.0025681371640611,51034622.09417228,geoma,50833914,279835,2309976,5784,1,82.2191904,mixed dry
432,78241,1949,G3500090_mixed_dry.csv,1,0.0020156645544375,57716946.51874163,geoma,62766958,318037,2852545,7142,1,82.2191904,mixed dry
433,78241,1958,G3500090_mixed_dry.csv,1,0.0019727230621247,70588566.51677369,geoma,63990230,385183,2907445,7280,1,82.2191904,mixed dry
434,78241,1969,G3500090_mixed_dry.csv,1,0.0031095181869361,104510791.9795262,geoma,43328799,555075,1965330,4921,1,82.2191904,mixed dry
435,78241,1979,G3500090_mixed_dry.csv,1,0.0037202188763346,39474484.73831428,geoma,37346114,215864,1696951,4249,1,82.2191904,mixed dry
436,78241,1984,G3500090_mixed_dry.csv,1,0.0043134274767118,26836950.58487568,geoma,33199457,149067,1509020,3778,1,82.2191904,mixed dry
437,78241,1995,G3500090_mixed_dry.csv,1,0.0067697028890045,56703831.55511367,geoma,23839965,301262,1081392,2707,1,82.2191904,mixed dry
438,78241,2002,G3500090_mixed_dry.csv,1,0.0103797747134155,57997749.72255892,geoma,18101540,306277,820213,2053,1,82.2191904,mixed dry
439,78241,2009,G3500090_mixed_dry.csv,1,0.0103797747134155,57997749.72255892,geoma,18101540,306277,820213,2053,1,82.2191904,mixed dry
440,81487,1918,G3500090_mixed_dry.csv,1,0.0003987693624944,418456567.61016375,geoma,177428649,93672,11483869,39902,2,306.67293504,mixed dry
441,81487,1919,G3500090_mixed_dry.csv,1,0.0004832557740876,313627276.7502959,geoma,147346433,77709,9736067,33102,2,306.67293504,mixed dry
442,81487,1949,G3500090_mixed_dry.csv,1,0.0003644491203138,332652348.7336542,geoma,194399237,102270,13421820,43565,2,306.67293504,mixed dry
443,81487,1958,G3500090_mixed_dry.csv,1,0.0003591763405267,380662764.1161444,geoma,196893935,103737,13259750,44190,2,306.67293504,mixed dry
444,81487,1969,G3500090_mixed_dry.csv,1,0.0003447081100087,569845562.5756452,geoma,204198412,107992,12791433,46002,2,306.67293504,mixed dry
445,81487,1979,G3500090_mixed_dry.csv,1,0.0007334574101105,283178043.1568904,geoma,98311713,52008,6123222,22154,2,306.67293504,mixed dry
446,81487,1984,G3500090_mixed_dry.csv,1,0.0007268234080935,235971753.33916083,geoma,99361812,52461,6422196,22347,2,306.67293504,mixed dry
447,81487,1995,G3500090_mixed_dry.csv,1,0.0013475676322762,355071022.63324744,geoma,55169238,29385,2944380,12517,2,306.67293504,mixed dry
448,81487,2002,G3500090_mixed_dry.csv,1,0.0018166984695585,359897264.29509693,geoma,41943392,22408,2128367,9545,2,306.67293504,mixed dry
449,81487,2009,G3500090_mixed_dry.csv,1,0.0018166984695585,359897264.29509693,geoma,41943392,22408,2128367,9545,2,306.67293504,mixed dry
450,87026,1918,G3500090_mixed_dry.csv,1,0.0019726693547284,79139415.31167698,geoma,15968791,16059,1063399,7915,1,82.2191904,mixed dry
451,87026,1919,G3500090_mixed_dry.csv,1,0.0025681371640611,51034622.09417228,geoma,12832710,12759,932898,6288,1,82.2191904,mixed dry
452,87026,1949,G3500090_mixed_dry.csv,1,0.0020156645544375,57716946.51874163,geoma,15923735,15756,1200804,7765,1,82.2191904,mixed dry
453,87026,1958,G3500090_mixed_dry.csv,1,0.0019727230621247,70588566.51677369,geoma,16069579,16059,1124038,7915,1,82.2191904,mixed dry
454,87026,1969,G3500090_mixed_dry.csv,1,0.0031095181869361,104510791.9795262,geoma,10365376,10855,535144,5350,1,82.2191904,mixed dry
455,87026,1979,G3500090_mixed_dry.csv,1,0.0037202188763346,39474484.73831428,geoma,9401039,9373,669157,4619,1,82.2191904,mixed dry
456,87026,1984,G3500090_mixed_dry.csv,1,0.0043134274767118,26836950.58487568,geoma,8482936,8335,675726,4108,1,82.2191904,mixed dry
457,87026,1995,G3500090_mixed_dry.csv,1,0.0067697028890045,56703831.55511367,geoma,5708463,5973,296414,2944,1,82.2191904,mixed dry
458,87026,2002,G3500090_mixed_dry.csv,1,0.0103797747134155,57997749.72255892,geoma,4244423,4110,193903,2232,1,82.2191904,mixed dry
459,87026,2009,G3500090_mixed_dry.csv,1,0.0103797747134155,57997749.72255892,geoma,4244423,4110,193903,2232,1,82.2191904,mixed dry
460,88955,1918,G3500090_mixed_dry.csv,2,0.0006049345889679,275844135.4497777,geoma,149327978,636072,3337102,23778,2,202.15701504,mixed dry
461,88955,1919,G3500090_mixed_dry.csv,2,0.0007331007859666,206741276.6460599,geoma,124380886,481401,2957507,19778,2,202.15701504,mixed dry
462,88955,1949,G3500090_mixed_dry.csv,2,0.0005528706554026,219282493.4396945,geoma,163643770,522439,4471061,25932,2,202.15701504,mixed dry
463,88955,1958,G3500090_mixed_dry.csv,2,0.0005448718290803,250930680.011127,geoma,165612146,589778,4164609,26300,2,202.15701504,mixed dry
464,88955,1969,G3500090_mixed_dry.csv,2,0.0005229234701925,375638880.389156,geoma,171523476,854212,3505364,27366,2,202.15701504,mixed dry
465,88955,1979,G3500090_mixed_dry.csv,2,0.0011126575876722,186669318.96679595,geoma,83583062,423867,1690826,13338,2,202.15701504,mixed dry
466,88955,1984,G3500090_mixed_dry.csv,2,0.0011025937822228,155551207.29052225,geoma,84481636,358790,1891233,13451,2,202.15701504,mixed dry
467,88955,1995,G3500090_mixed_dry.csv,2,0.0020442650524558,234060752.8778996,geoma,47752305,509848,665728,7669,2,202.15701504,mixed dry
468,88955,2002,G3500090_mixed_dry.csv,2,0.0027559382573588,237242183.30994573,geoma,36808988,512353,439245,5921,2,202.15701504,mixed dry
469,88955,2009,G3500090_mixed_dry.csv,2,0.0027559382573588,237242183.30994573,geoma,36808988,512353,439245,5921,2,202.15701504,mixed dry
470,90210,1918,G3500090_mixed_dry.csv,1,0.0007788980269788,214235564.756491,geoma,37366380,37876,5969780,20920,2,157.00613760000002,mixed dry
471,90210,1919,G3500090_mixed_dry.csv,1,0.0009439214853629,160566524.60103002,geoma,31339085,31573,5087170,17439,2,157.00613760000002,mixed dry
472,90210,1949,G3500090_mixed_dry.csv,1,0.0007118618616308,170306715.9527039,geoma,41439487,41271,6951536,22796,2,157.00613760000002,mixed dry
473,90210,1958,G3500090_mixed_dry.csv,1,0.0007015627811117,194886419.6777595,geoma,41744121,41850,6867690,23115,2,157.00613760000002,mixed dry
474,90210,1969,G3500090_mixed_dry.csv,1,0.0006733026456443,291741593.6845927,geoma,42518494,43530,6623617,24043,2,157.00613760000002,mixed dry
475,90210,1979,G3500090_mixed_dry.csv,1,0.0014326289412868,144977550.1166752,geoma,20915548,21425,3253839,11834,2,157.00613760000002,mixed dry
476,90210,1984,G3500090_mixed_dry.csv,1,0.0014196710474064,120809531.3975104,geoma,21327766,21604,3413293,11933,2,157.00613760000002,mixed dry
477,90210,1995,G3500090_mixed_dry.csv,1,0.0026321424580733,181784316.34358928,geoma,11593484,11336,1625748,6900,2,157.00613760000002,mixed dry
478,90210,2002,G3500090_mixed_dry.csv,1,0.0035484743479365,184255188.3243605,geoma,8839482,8836,1211473,5379,2,157.00613760000002,mixed dry
479,90210,2009,G3500090_mixed_dry.csv,1,0.0035484743479365,184255188.3243605,geoma,8839482,8836,1211473,5379,2,157.00613760000002,mixed dry
480,117311,1918,G3500090_mixed_dry.csv,3,0.0019726693547284,79139415.31167698,geoma,1309984316,331948,1262721456,272745,1,82.2191904,mixed dry
481,117311,1919,G3500090_mixed_dry.csv,3,0.0025681371640611,51034622.09417228,geoma,848316433,216892,810744633,172750,1,82.2191904,mixed dry
482,117311,1949,G3500090_mixed_dry.csv,3,0.0020156645544375,57716946.51874163,geoma,961352568,246853,914941502,193640,1,82.2191904,mixed dry
483,117311,1958,G3500090_mixed_dry.csv,3,0.0019727230621247,70588566.51677369,geoma,1171003341,298124,1123727448,241012,1,82.2191904,mixed dry
484,117311,1969,G3500090_mixed_dry.csv,3,0.0031095181869361,104510791.9795262,geoma,1714706039,426179,1682782753,373690,1,82.2191904,mixed dry
485,117311,1979,G3500090_mixed_dry.csv,3,0.0037202188763346,39474484.73831428,geoma,655427072,167178,627830658,134267,1,82.2191904,mixed dry
486,117311,1984,G3500090_mixed_dry.csv,3,0.0043134274767118,26836950.58487568,geoma,448497663,115968,423932904,88721,1,82.2191904,mixed dry
487,117311,1995,G3500090_mixed_dry.csv,3,0.0067697028890045,56703831.55511367,geoma,930460832,231327,912895544,202642,1,82.2191904,mixed dry
488,117311,2002,G3500090_mixed_dry.csv,3,0.0103797747134155,57997749.72255892,geoma,949372100,234747,936047147,209326,1,82.2191904,mixed dry
489,117311,2009,G3500090_mixed_dry.csv,3,0.0103797747134155,57997749.72255892,geoma,949372100,234747,936047147,209326,1,82.2191904,mixed dry
490,124192,1918,G3500090_mixed_dry.csv,1,0.0014309937532251,109096143.1415208,geoma,55916644,27810,11687175,82632,1,113.3417088,mixed dry
491,124192,1919,G3500090_mixed_dry.csv,1,0.0018629519591755,70352812.37840699,geoma,44054718,21910,9204049,49676,1,113.3417088,mixed dry
492,124192,1949,G3500090_mixed_dry.csv,1,0.0014621828939977,79564604.24052519,geoma,54825413,27267,11452322,53921,1,113.3417088,mixed dry
493,124192,1958,G3500090_mixed_dry.csv,1,0.0014310327130987,97308532.37340556,geoma,55915251,27809,11683971,70976,1,113.3417088,mixed dry
494,124192,1969,G3500090_mixed_dry.csv,1,0.0022556750782282,144071374.2542621,geoma,37213063,18508,7795595,125665,1,113.3417088,mixed dry
495,124192,1979,G3500090_mixed_dry.csv,1,0.0026986833652099,54416803.820049055,geoma,31885407,15858,6662463,39412,1,113.3417088,mixed dry
496,124192,1984,G3500090_mixed_dry.csv,1,0.0031290027187622,36995570.29779472,geoma,28154745,14002,5880208,23869,1,113.3417088,mixed dry
497,124192,1995,G3500090_mixed_dry.csv,1,0.0049108090629254,78167993.78219059,geoma,19665787,9780,4120198,68418,1,113.3417088,mixed dry
498,124192,2002,G3500090_mixed_dry.csv,1,0.0075295906732563,79951700.18251061,geoma,14481038,7202,3039472,72523,1,113.3417088,mixed dry
499,124192,2009,G3500090_mixed_dry.csv,1,0.0075295906732563,79951700.18251061,geoma,14481038,7202,3039472,72523,1,113.3417088,mixed dry
500,153117,1918,G3500090_mixed_dry.csv,4,0.0001606465298504,1038725572.5530694,geoma,477319686,461853,28948490,97555,2,761.2475097600001,mixed dry
501,153117,1919,G3500090_mixed_dry.csv,4,0.0001946823663977,778510119.8703194,geoma,395137891,362266,24454876,80676,2,761.2475097600001,mixed dry
502,153117,1949,G3500090_mixed_dry.csv,4,0.0001468204230114,825735639.3588496,geoma,523789842,429168,34046665,106647,2,761.2475097600001,mixed dry
503,153117,1958,G3500090_mixed_dry.csv,4,0.0001446962533657,944910841.9169002,geoma,530533336,461605,33533395,108198,2,761.2475097600001,mixed dry
504,153117,1969,G3500090_mixed_dry.csv,4,0.0001388676435366,1414515158.9654157,geoma,550528513,585987,32300856,112697,2,761.2475097600001,mixed dry
505,153117,1979,G3500090_mixed_dry.csv,4,0.0002954775336556,702926654.234341,geoma,261227801,285862,15183976,53499,2,761.2475097600001,mixed dry
506,153117,1984,G3500090_mixed_dry.csv,4,0.0002928049878102,585747514.953373,geoma,264056611,258239,15954015,53978,2,761.2475097600001,mixed dry
507,153117,1995,G3500090_mixed_dry.csv,4,0.0005428753666272,881385022.5558405,geoma,143414433,278496,7087103,29578,2,761.2475097600001,mixed dry
508,153117,2002,G3500090_mixed_dry.csv,4,0.0007318674210413,893365096.5265144,geoma,107437959,265699,4998355,22200,2,761.2475097600001,mixed dry
509,153117,2009,G3500090_mixed_dry.csv,4,0.0007318674210413,893365096.5265144,geoma,107437959,265699,4998355,22200,2,761.2475097600001,mixed dry
510,176909,1918,G3500090_mixed_dry.csv,2,0.0019726693547284,79139415.31167698,geoma,59262434,331948,3752361,7915,1,82.2191904,mixed dry
511,176909,1919,G3500090_mixed_dry.csv,2,0.0025681371640611,51034622.09417228,geoma,47071366,216892,2981192,6288,1,82.2191904,mixed dry
512,176909,1949,G3500090_mixed_dry.csv,2,0.0020156645544375,57716946.51874163,geoma,58122295,246853,3681418,7765,1,82.2191904,mixed dry
513,176909,1958,G3500090_mixed_dry.csv,2,0.0019727230621247,70588566.51677369,geoma,59252550,298124,3752270,7915,1,82.2191904,mixed dry
514,176909,1969,G3500090_mixed_dry.csv,2,0.0031095181869361,104510791.9795262,geoma,40108783,426179,2536401,5350,1,82.2191904,mixed dry
515,176909,1979,G3500090_mixed_dry.csv,2,0.0037202188763346,39474484.73831428,geoma,34581465,167178,2190039,4619,1,82.2191904,mixed dry
516,176909,1984,G3500090_mixed_dry.csv,2,0.0043134274767118,26836950.58487568,geoma,30743530,115968,1947501,4108,1,82.2191904,mixed dry
517,176909,1995,G3500090_mixed_dry.csv,2,0.0067697028890045,56703831.55511367,geoma,22068448,231327,1395616,2944,1,82.2191904,mixed dry
518,176909,2002,G3500090_mixed_dry.csv,2,0.0103797747134155,57997749.72255892,geoma,16753261,234747,1058544,2232,1,82.2191904,mixed dry
519,176909,2009,G3500090_mixed_dry.csv,2,0.0103797747134155,57997749.72255892,geoma,16753261,234747,1058544,2232,1,82.2191904,mixed dry
520,179265,1918,G3500090_mixed_dry.csv,2,0.0008023034829663,194584596.29176173,geoma,82635969,46292,15173463,149067,1,202.15701504,mixed dry
521,179265,1919,G3500090_mixed_dry.csv,2,0.0010444859329936,125481737.48804392,geoma,64718988,36091,12147819,90286,1,202.15701504,mixed dry
522,179265,1949,G3500090_mixed_dry.csv,2,0.0008197900416715,141911949.8585105,geoma,81555785,45354,15508389,97858,1,202.15701504,mixed dry
523,179265,1958,G3500090_mixed_dry.csv,2,0.0008023253262777,173560136.429943,geoma,82856941,46291,15415627,128277,1,202.15701504,mixed dry
524,179265,1969,G3500090_mixed_dry.csv,2,0.0012646707699625,256966647.8502248,geoma,53418498,30206,9383997,225821,1,202.15701504,mixed dry
525,179265,1979,G3500090_mixed_dry.csv,2,0.001513048577921,97058168.12493996,geoma,45854184,25624,8520972,71980,1,202.15701504,mixed dry
526,179265,1984,G3500090_mixed_dry.csv,2,0.0017543121860707,65985541.77705026,geoma,40374519,22416,7735327,44258,1,202.15701504,mixed dry
527,179265,1995,G3500090_mixed_dry.csv,2,0.0027533028753534,139420946.28692356,geoma,26708623,15115,4678011,123715,1,202.15701504,mixed dry
528,179265,2002,G3500090_mixed_dry.csv,2,0.0042215535943808,142602376.71896973,geoma,18753292,10656,3243043,131037,1,202.15701504,mixed dry
529,179265,2009,G3500090_mixed_dry.csv,2,0.0042215535943808,142602376.71896973,geoma,18753292,10656,3243043,131037,1,202.15701504,mixed dry
530,181269,1918,G3500090_mixed_dry.csv,5,0.0014309937532251,109096143.1415208,geoma,52747053,27810,3505325,11846,1,113.3417088,mixed dry
531,181269,1919,G3500090_mixed_dry.csv,5,0.0018629519591755,70352812.37840699,geoma,41655512,21910,2883651,9333,1,113.3417088,mixed dry
532,181269,1949,G3500090_mixed_dry.csv,5,0.0014621828939977,79564604.24052519,geoma,51900294,27267,3664592,11615,1,113.3417088,mixed dry
533,181269,1958,G3500090_mixed_dry.csv,5,0.0014310327130987,97308532.37340556,geoma,52813565,27809,3592132,11846,1,113.3417088,mixed dry
534,181269,1969,G3500090_mixed_dry.csv,5,0.0022556750782282,144071374.2542621,geoma,34882592,18508,2034437,7884,1,113.3417088,mixed dry
535,181269,1979,G3500090_mixed_dry.csv,5,0.0026986833652099,54416803.820049055,geoma,30123920,15858,2057240,6755,1,113.3417088,mixed dry
536,181269,1984,G3500090_mixed_dry.csv,5,0.0031290027187622,36995570.29779472,geoma,26686361,14002,1924007,5965,1,113.3417088,mixed dry
537,181269,1995,G3500090_mixed_dry.csv,5,0.0049108090629254,78167993.78219059,geoma,18430306,9780,1069535,4166,1,113.3417088,mixed dry
538,181269,2002,G3500090_mixed_dry.csv,5,0.0075295906732563,79951700.18251061,geoma,13532962,7202,734792,3068,1,113.3417088,mixed dry
539,181269,2009,G3500090_mixed_dry.csv,5,0.0075295906732563,79951700.18251061,geoma,13532962,7202,734792,3068,1,113.3417088,mixed dry
540,187284,1918,G3500090_mixed_dry.csv,7,0.0005288737894379,295185547.9591477,geoma,54339893,54919,8748645,30334,1,306.67293504,mixed dry
541,187284,1919,G3500090_mixed_dry.csv,7,0.0006885190518612,190356257.09927988,geoma,42597400,42608,7053086,23534,1,306.67293504,mixed dry
542,187284,1949,G3500090_mixed_dry.csv,7,0.0005404008272272,215280949.6704702,geoma,54094605,53786,9121373,29709,1,306.67293504,mixed dry
543,187284,1958,G3500090_mixed_dry.csv,7,0.0005288881884218,263291365.05296043,geoma,54690505,54917,8958340,30333,1,306.67293504,mixed dry
544,187284,1969,G3500090_mixed_dry.csv,7,0.0008336636157038,389819349.519114,geoma,33619028,35507,4858927,19612,1,306.67293504,mixed dry
545,187284,1979,G3500090_mixed_dry.csv,7,0.0009973928220406,147237597.8770344,geoma,29814426,29978,4865725,16558,1,306.67293504,mixed dry
546,187284,1984,G3500090_mixed_dry.csv,7,0.0011564323892426,100100309.46968883,geoma,26318147,26106,4469277,14420,1,306.67293504,mixed dry
547,187284,1995,G3500090_mixed_dry.csv,7,0.001814961241069,211502088.09427145,geoma,16257115,15695,2314580,9553,1,306.67293504,mixed dry
548,187284,2002,G3500090_mixed_dry.csv,7,0.0027828235750902,216328329.7561209,geoma,10856628,10812,1493380,6581,1,306.67293504,mixed dry
549,187284,2009,G3500090_mixed_dry.csv,7,0.0027828235750902,216328329.7561209,geoma,10856628,10812,1493380,6581,1,306.67293504,mixed dry
550,190355,1918,G3500090_mixed_dry.csv,2,0.0004943062957544,337579472.7494292,geoma,83669411,64436,16890554,35872,2,247.40079552,mixed dry
551,190355,1919,G3500090_mixed_dry.csv,2,0.000599033912979,253011038.46896023,geoma,69686794,53522,14159440,29796,2,247.40079552,mixed dry
552,190355,1949,G3500090_mixed_dry.csv,2,0.0004517636297995,268359044.1313908,geoma,92058113,70315,18996226,39145,2,247.40079552,mixed dry
553,190355,1958,G3500090_mixed_dry.csv,2,0.0004452276004802,307090257.75258785,geoma,93080709,71318,19022339,39703,2,247.40079552,mixed dry
554,190355,1969,G3500090_mixed_dry.csv,2,0.0004272930796616,459708795.255663,geoma,95934114,74227,19174994,41323,2,247.40079552,mixed dry
555,190355,1979,G3500090_mixed_dry.csv,2,0.0009091787122699,228446873.34953016,geoma,46426152,35948,9265337,20012,2,247.40079552,mixed dry
556,190355,1984,G3500090_mixed_dry.csv,2,0.0009009553398861,190364368.1133552,geoma,47077819,36258,9502403,20185,2,247.40079552,mixed dry
557,190355,1995,G3500090_mixed_dry.csv,2,0.0016704171063251,286444754.0964368,geoma,25807982,20480,4938745,11401,2,247.40079552,mixed dry
558,190355,2002,G3500090_mixed_dry.csv,2,0.0022519420383074,290338205.0341845,geoma,19581979,14386,3683855,8745,2,247.40079552,mixed dry
559,190355,2009,G3500090_mixed_dry.csv,2,0.0022519420383074,290338205.0341845,geoma,19581979,14386,3683855,8745,2,247.40079552,mixed dry
560,194191,1918,G3500090_mixed_dry.csv,4,0.0014309937532251,109096143.1415208,geoma,50779438,26962,14010215,217184,1,113.3417088,mixed dry
561,194191,1919,G3500090_mixed_dry.csv,4,0.0018629519591755,70352812.37840699,geoma,40007298,21242,11029479,136444,1,113.3417088,mixed dry
562,194191,1949,G3500090_mixed_dry.csv,4,0.0014621828939977,79564604.24052519,geoma,49788461,26436,13721578,152051,1,113.3417088,mixed dry
563,194191,1958,G3500090_mixed_dry.csv,4,0.0014310327130987,97308532.37340556,geoma,50778173,26962,14003319,190990,1,113.3417088,mixed dry
564,194191,1969,G3500090_mixed_dry.csv,4,0.0022556750782282,144071374.2542621,geoma,33794203,17943,9363636,303353,1,113.3417088,mixed dry
565,194191,1979,G3500090_mixed_dry.csv,4,0.0026986833652099,54416803.820049055,geoma,28956012,15374,7984730,106526,1,113.3417088,mixed dry
566,194191,1984,G3500090_mixed_dry.csv,4,0.0031290027187622,36995570.29779472,geoma,25568096,13576,7044358,69497,1,113.3417088,mixed dry
567,194191,1995,G3500090_mixed_dry.csv,4,0.0049108090629254,78167993.78219059,geoma,17859040,9482,4949479,164825,1,113.3417088,mixed dry
568,194191,2002,G3500090_mixed_dry.csv,4,0.0075295906732563,79951700.18251061,geoma,13150627,6982,3657023,171130,1,113.3417088,mixed dry
569,194191,2009,G3500090_mixed_dry.csv,4,0.0075295906732563,79951700.18251061,geoma,13150627,6982,3657023,171130,1,113.3417088,mixed dry
570,246474,1918,G3500090_mixed_dry.csv,3,0.0014309937532251,109096143.1415208,geoma,69842916,321023,1978770,10571,1,113.3417088,mixed dry
571,246474,1919,G3500090_mixed_dry.csv,3,0.0018629519591755,70352812.37840699,geoma,55291195,210629,1828432,8328,1,113.3417088,mixed dry
572,246474,1949,G3500090_mixed_dry.csv,3,0.0014621828939977,79564604.24052519,geoma,68978983,240467,2444914,10364,1,113.3417088,mixed dry
573,246474,1958,G3500090_mixed_dry.csv,3,0.0014310327130987,97308532.37340556,geoma,70029974,289065,2172037,10570,1,113.3417088,mixed dry
574,246474,1969,G3500090_mixed_dry.csv,3,0.0022556750782282,144071374.2542621,geoma,45999147,407398,815754,7035,1,113.3417088,mixed dry
575,246474,1979,G3500090_mixed_dry.csv,3,0.0026986833652099,54416803.820049055,geoma,39953353,161929,1258006,6028,1,113.3417088,mixed dry
576,246474,1984,G3500090_mixed_dry.csv,3,0.0031290027187622,36995570.29779472,geoma,35516128,113013,1347860,5322,1,113.3417088,mixed dry
577,246474,1995,G3500090_mixed_dry.csv,3,0.0049108090629254,78167993.78219059,geoma,24303008,220803,425447,3717,1,113.3417088,mixed dry
578,246474,2002,G3500090_mixed_dry.csv,3,0.0075295906732563,79951700.18251061,geoma,17853453,223297,268005,2737,1,113.3417088,mixed dry
579,246474,2009,G3500090_mixed_dry.csv,3,0.0075295906732563,79951700.18251061,geoma,17853453,223297,268005,2737,1,113.3417088,mixed dry
580,249419,1918,G3500090_mixed_dry.csv,4,0.0019726693547284,79139415.31167698,geoma,39758406,20823,4991674,9825,1,82.2191904,mixed dry
581,249419,1919,G3500090_mixed_dry.csv,4,0.0025681371640611,51034622.09417228,geoma,31751327,16544,4143063,7806,1,82.2191904,mixed dry
582,249419,1949,G3500090_mixed_dry.csv,4,0.0020156645544375,57716946.51874163,geoma,39301751,20430,5217332,9639,1,82.2191904,mixed dry
583,249419,1958,G3500090_mixed_dry.csv,4,0.0019727230621247,70588566.51677369,geoma,39866729,20823,5109430,9825,1,82.2191904,mixed dry
584,249419,1969,G3500090_mixed_dry.csv,4,0.0031095181869361,104510791.9795262,geoma,26599100,14075,3081926,6641,1,82.2191904,mixed dry
585,249419,1979,G3500090_mixed_dry.csv,4,0.0037202188763346,39474484.73831428,geoma,23293867,12153,3009510,5734,1,82.2191904,mixed dry
586,249419,1984,G3500090_mixed_dry.csv,4,0.0043134274767118,26836950.58487568,geoma,20866789,10807,2841237,5099,1,82.2191904,mixed dry
587,249419,1995,G3500090_mixed_dry.csv,4,0.0067697028890045,56703831.55511367,geoma,14637636,7745,1697554,3654,1,82.2191904,mixed dry
588,249419,2002,G3500090_mixed_dry.csv,4,0.0103797747134155,57997749.72255892,geoma,11072487,5874,1260545,2771,1,82.2191904,mixed dry
589,249419,2009,G3500090_mixed_dry.csv,4,0.0103797747134155,57997749.72255892,geoma,11072487,5874,1260545,2771,1,82.2191904,mixed dry
590,258739,1918,G3500090_mixed_dry.csv,1,0.0003987693624944,418456567.61016375,geoma,71171625,72241,4458858,35606,2,306.67293504,mixed dry
591,258739,1919,G3500090_mixed_dry.csv,1,0.0004832557740876,313627276.7502959,geoma,59389694,59931,3864409,29538,2,306.67293504,mixed dry
592,258739,1949,G3500090_mixed_dry.csv,1,0.0003644491203138,332652348.7336542,geoma,79101505,78872,5627015,38874,2,306.67293504,mixed dry
593,258739,1958,G3500090_mixed_dry.csv,1,0.0003591763405267,380662764.1161444,geoma,79706633,80004,5387119,39432,2,306.67293504,mixed dry
594,258739,1969,G3500090_mixed_dry.csv,1,0.0003447081100087,569845562.5756452,geoma,81248424,83285,4808565,41049,2,306.67293504,mixed dry
595,258739,1979,G3500090_mixed_dry.csv,1,0.0007334574101105,283178043.1568904,geoma,39053745,40109,2284873,19769,2,306.67293504,mixed dry
596,258739,1984,G3500090_mixed_dry.csv,1,0.0007268234080935,235971753.33916083,geoma,39843785,40459,2490282,19941,2,306.67293504,mixed dry
597,258739,1995,G3500090_mixed_dry.csv,1,0.0013475676322762,355071022.63324744,geoma,20908113,20564,880475,11169,2,306.67293504,mixed dry
598,258739,2002,G3500090_mixed_dry.csv,1,0.0018166984695585,359897264.29509693,geoma,15546362,15681,588693,8517,2,306.67293504,mixed dry
599,258739,2009,G3500090_mixed_dry.csv,1,0.0018166984695585,359897264.29509693,geoma,15546362,15681,588693,8517,2,306.67293504,mixed dry
600,263573,1918,G3500090_mixed_dry.csv,1,0.0010330250762927,151124985.171451,geoma,71301292,37612,3632608,15454,1,157.00613760000002,mixed dry
601,263573,1919,G3500090_mixed_dry.csv,1,0.0013448528936059,97455945.01599,geoma,55925325,29440,3003858,12096,1,157.00613760000002,mixed dry
602,263573,1949,G3500090_mixed_dry.csv,1,0.0010555403140101,110216541.9397439,geoma,70111915,36860,3879598,15145,1,157.00613760000002,mixed dry
603,263573,1958,G3500090_mixed_dry.csv,1,0.0010330532011718,134796245.6647995,geoma,71385157,37611,3749522,15453,1,157.00613760000002,mixed dry
604,263573,1969,G3500090_mixed_dry.csv,1,0.0016283571570641,199574280.7292647,geoma,46577487,24726,1964207,10159,1,157.00613760000002,mixed dry
605,263573,1979,G3500090_mixed_dry.csv,1,0.0019481619559503,75380654.47203517,geoma,39963847,21056,2099746,8651,1,157.00613760000002,mixed dry
606,263573,1984,G3500090_mixed_dry.csv,1,0.0022588066963846,51247962.13383039,geoma,35195367,18485,1989263,7595,1,157.00613760000002,mixed dry
607,263573,1995,G3500090_mixed_dry.csv,1,0.0035450810986798,108281893.02614926,geoma,23792431,12637,988440,5192,1,157.00613760000002,mixed dry
608,263573,2002,G3500090_mixed_dry.csv,1,0.0054355624978537,110752765.00692044,geoma,17011922,9065,653776,3724,1,157.00613760000002,mixed dry
609,263573,2009,G3500090_mixed_dry.csv,1,0.0054355624978537,110752765.00692044,geoma,17011922,9065,653776,3724,1,157.00613760000002,mixed dry
610,275239,1918,G3500090_mixed_dry.csv,3,0.0014309937532251,109096143.1415208,geoma,52747053,27810,3505325,11846,1,113.3417088,mixed dry
611,275239,1919,G3500090_mixed_dry.csv,3,0.0018629519591755,70352812.37840699,geoma,41655512,21910,2883651,9333,1,113.3417088,mixed dry
612,275239,1949,G3500090_mixed_dry.csv,3,0.0014621828939977,79564604.24052519,geoma,51900294,27267,3664592,11615,1,113.3417088,mixed dry
613,275239,1958,G3500090_mixed_dry.csv,3,0.0014310327130987,97308532.37340556,geoma,52813565,27809,3592132,11846,1,113.3417088,mixed dry
614,275239,1969,G3500090_mixed_dry.csv,3,0.0022556750782282,144071374.2542621,geoma,34882592,18508,2034437,7884,1,113.3417088,mixed dry
615,275239,1979,G3500090_mixed_dry.csv,3,0.0026986833652099,54416803.820049055,geoma,30123920,15858,2057240,6755,1,113.3417088,mixed dry
616,275239,1984,G3500090_mixed_dry.csv,3,0.0031290027187622,36995570.29779472,geoma,26686361,14002,1924007,5965,1,113.3417088,mixed dry
617,275239,1995,G3500090_mixed_dry.csv,3,0.0049108090629254,78167993.78219059,geoma,18430306,9780,1069535,4166,1,113.3417088,mixed dry
618,275239,2002,G3500090_mixed_dry.csv,3,0.0075295906732563,79951700.18251061,geoma,13532962,7202,734792,3068,1,113.3417088,mixed dry
619,275239,2009,G3500090_mixed_dry.csv,3,0.0075295906732563,79951700.18251061,geoma,13532962,7202,734792,3068,1,113.3417088,mixed dry
620,279284,1918,G3500090_mixed_dry.csv,4,0.0010330250762927,151124985.171451,geoma,28776062,29007,11534317,115293,1,157.00613760000002,mixed dry
621,279284,1919,G3500090_mixed_dry.csv,4,0.0013448528936059,97455945.01599,geoma,22763077,22704,9135116,69641,1,157.00613760000002,mixed dry
622,279284,1949,G3500090_mixed_dry.csv,4,0.0010555403140101,110216541.9397439,geoma,28655516,28427,11508415,75522,1,157.00613760000002,mixed dry
623,279284,1958,G3500090_mixed_dry.csv,4,0.0010330532011718,134796245.6647995,geoma,28956857,29006,11614485,99147,1,157.00613760000002,mixed dry
624,279284,1969,G3500090_mixed_dry.csv,4,0.0016283571570641,199574280.7292647,geoma,18143619,19069,7290607,174905,1,157.00613760000002,mixed dry
625,279284,1979,G3500090_mixed_dry.csv,4,0.0019481619559503,75380654.47203517,geoma,16211801,16238,6502534,55424,1,157.00613760000002,mixed dry
626,279284,1984,G3500090_mixed_dry.csv,4,0.0022588066963846,51247962.13383039,geoma,14430188,14256,5798524,33893,1,157.00613760000002,mixed dry
627,279284,1995,G3500090_mixed_dry.csv,4,0.0035450810986798,108281893.02614926,geoma,9237457,9746,3715188,95604,1,157.00613760000002,mixed dry
628,279284,2002,G3500090_mixed_dry.csv,4,0.0054355624978537,110752765.00692044,geoma,6462063,6343,2615658,101291,1,157.00613760000002,mixed dry
629,279284,2009,G3500090_mixed_dry.csv,4,0.0054355624978537,110752765.00692044,geoma,6462063,6343,2615658,101291,1,157.00613760000002,mixed dry
630,280823,1918,G3500090_mixed_dry.csv,5,0.0019726693547284,79139415.31167698,geoma,35846658,20189,1066127,7915,1,82.2191904,mixed dry
631,280823,1919,G3500090_mixed_dry.csv,5,0.0025681371640611,51034622.09417228,geoma,28541818,16039,934355,6288,1,82.2191904,mixed dry
632,280823,1949,G3500090_mixed_dry.csv,5,0.0020156645544375,57716946.51874163,geoma,35281008,19807,1202174,7765,1,82.2191904,mixed dry
633,280823,1958,G3500090_mixed_dry.csv,5,0.0019727230621247,70588566.51677369,geoma,35888862,20188,1126604,7915,1,82.2191904,mixed dry
634,280823,1969,G3500090_mixed_dry.csv,5,0.0031095181869361,104510791.9795262,geoma,24050703,13646,535462,5350,1,82.2191904,mixed dry
635,280823,1979,G3500090_mixed_dry.csv,5,0.0037202188763346,39474484.73831428,geoma,20956120,11783,670447,4619,1,82.2191904,mixed dry
636,280823,1984,G3500090_mixed_dry.csv,5,0.0043134274767118,26836950.58487568,geoma,18693863,10478,676648,4108,1,82.2191904,mixed dry
637,280823,1995,G3500090_mixed_dry.csv,5,0.0067697028890045,56703831.55511367,geoma,13235935,7508,296595,2944,1,82.2191904,mixed dry
638,280823,2002,G3500090_mixed_dry.csv,5,0.0103797747134155,57997749.72255892,geoma,10007370,5695,193913,2232,1,82.2191904,mixed dry
639,280823,2009,G3500090_mixed_dry.csv,5,0.0103797747134155,57997749.72255892,geoma,10007370,5695,193913,2232,1,82.2191904,mixed dry
640,290329,1918,G3500090_mixed_dry.csv,1,0.0010330250762927,151124985.171451,geoma,55511139,34740,1874223,14297,1,157.00613760000002,mixed dry
641,290329,1919,G3500090_mixed_dry.csv,1,0.0013448528936059,97455945.01599,geoma,43579805,27192,1607864,11190,1,157.00613760000002,mixed dry
642,290329,1949,G3500090_mixed_dry.csv,1,0.0010555403140101,110216541.9397439,geoma,54649542,34046,2110219,14011,1,157.00613760000002,mixed dry
643,290329,1958,G3500090_mixed_dry.csv,1,0.0010330532011718,134796245.6647995,geoma,55609012,34739,1977922,14296,1,157.00613760000002,mixed dry
644,290329,1969,G3500090_mixed_dry.csv,1,0.0016283571570641,199574280.7292647,geoma,36122799,22838,902369,9398,1,157.00613760000002,mixed dry
645,290329,1979,G3500090_mixed_dry.csv,1,0.0019481619559503,75380654.47203517,geoma,31131979,19448,1107884,8003,1,157.00613760000002,mixed dry
646,290329,1984,G3500090_mixed_dry.csv,1,0.0022588066963846,51247962.13383039,geoma,27438262,17074,1096686,7026,1,157.00613760000002,mixed dry
647,290329,1995,G3500090_mixed_dry.csv,1,0.0035450810986798,108281893.02614926,geoma,18443520,11672,447427,4803,1,157.00613760000002,mixed dry
648,290329,2002,G3500090_mixed_dry.csv,1,0.0054355624978537,110752765.00692044,geoma,13155339,8372,270027,3445,1,157.00613760000002,mixed dry
649,290329,2009,G3500090_mixed_dry.csv,1,0.0054355624978537,110752765.00692044,geoma,13155339,8372,270027,3445,1,157.00613760000002,mixed dry
650,298518,1918,G3500090_mixed_dry.csv,2,0.0010330250762927,151124985.171451,geoma,61716804,35887,11692839,115293,1,157.00613760000002,mixed dry
651,298518,1919,G3500090_mixed_dry.csv,2,0.0013448528936059,97455945.01599,geoma,48433739,28089,9304621,69641,1,157.00613760000002,mixed dry
652,298518,1949,G3500090_mixed_dry.csv,2,0.0010555403140101,110216541.9397439,geoma,60745381,35170,11776757,75522,1,157.00613760000002,mixed dry
653,298518,1958,G3500090_mixed_dry.csv,2,0.0010330532011718,134796245.6647995,geoma,61801804,35886,11797746,99147,1,157.00613760000002,mixed dry
654,298518,1969,G3500090_mixed_dry.csv,2,0.0016283571570641,199574280.7292647,geoma,40239684,23592,7385592,174905,1,157.00613760000002,mixed dry
655,298518,1979,G3500090_mixed_dry.csv,2,0.0019481619559503,75380654.47203517,geoma,34598866,20090,6605327,55424,1,157.00613760000002,mixed dry
656,298518,1984,G3500090_mixed_dry.csv,2,0.0022588066963846,51247962.13383039,geoma,30511967,17637,5963464,33893,1,157.00613760000002,mixed dry
657,298518,1995,G3500090_mixed_dry.csv,2,0.0035450810986798,108281893.02614926,geoma,20551160,12057,3763341,95604,1,157.00613760000002,mixed dry
658,298518,2002,G3500090_mixed_dry.csv,2,0.0054355624978537,110752765.00692044,geoma,14679182,8649,2658403,101291,1,157.00613760000002,mixed dry
659,298518,2009,G3500090_mixed_dry.csv,2,0.0054355624978537,110752765.00692044,geoma,14679182,8649,2658403,101291,1,157.00613760000002,mixed dry
660,311747,1918,G3500090_mixed_dry.csv,1,0.0019726693547284,79139415.31167698,geoma,445514167,78005,409483675,59352,1,82.2191904,mixed dry
661,311747,1919,G3500090_mixed_dry.csv,1,0.0025681371640611,51034622.09417228,geoma,290005386,50288,261356936,35568,1,82.2191904,mixed dry
662,311747,1949,G3500090_mixed_dry.csv,1,0.0020156645544375,57716946.51874163,geoma,329473551,56867,294082543,40650,1,82.2191904,mixed dry
663,311747,1958,G3500090_mixed_dry.csv,1,0.0019727230621247,70588566.51677369,geoma,399330885,69564,363286223,50896,1,82.2191904,mixed dry
664,311747,1969,G3500090_mixed_dry.csv,1,0.0031095181869361,104510791.9795262,geoma,576706822,103136,552395550,90568,1,82.2191904,mixed dry
665,311747,1979,G3500090_mixed_dry.csv,1,0.0037202188763346,39474484.73831428,geoma,223755705,38899,202714457,28000,1,82.2191904,mixed dry
666,311747,1984,G3500090_mixed_dry.csv,1,0.0043134274767118,26836950.58487568,geoma,154335981,26440,135602159,19225,1,82.2191904,mixed dry
667,311747,1995,G3500090_mixed_dry.csv,1,0.0067697028890045,56703831.55511367,geoma,312994003,55957,299616710,49041,1,82.2191904,mixed dry
668,311747,2002,G3500090_mixed_dry.csv,1,0.0103797747134155,57997749.72255892,geoma,318365183,57260,308224623,52019,1,82.2191904,mixed dry
669,311747,2009,G3500090_mixed_dry.csv,1,0.0103797747134155,57997749.72255892,geoma,318365183,57260,308224623,52019,1,82.2191904,mixed dry
670,321391,1918,G3500090_mixed_dry.csv,2,0.0010330250762927,151124985.171451,geoma,55511139,34740,851958,13150,1,157.00613760000002,mixed dry
671,321391,1919,G3500090_mixed_dry.csv,2,0.0013448528936059,97455945.01599,geoma,43579795,27192,768862,10293,1,157.00613760000002,mixed dry
672,321391,1949,G3500090_mixed_dry.csv,2,0.0010555403140101,110216541.9397439,geoma,54649441,34046,1030788,12887,1,157.00613760000002,mixed dry
673,321391,1958,G3500090_mixed_dry.csv,2,0.0010330532011718,134796245.6647995,geoma,55609002,34739,928347,13150,1,157.00613760000002,mixed dry
674,321391,1969,G3500090_mixed_dry.csv,2,0.0016283571570641,199574280.7292647,geoma,36122764,22838,346047,8645,1,157.00613760000002,mixed dry
675,321391,1979,G3500090_mixed_dry.csv,2,0.0019481619559503,75380654.47203517,geoma,31131973,19448,520137,7361,1,157.00613760000002,mixed dry
676,321391,1984,G3500090_mixed_dry.csv,2,0.0022588066963846,51247962.13383039,geoma,27438230,17074,542288,6463,1,157.00613760000002,mixed dry
677,321391,1995,G3500090_mixed_dry.csv,2,0.0035450810986798,108281893.02614926,geoma,18443495,11672,170541,4418,1,157.00613760000002,mixed dry
678,321391,2002,G3500090_mixed_dry.csv,2,0.0054355624978537,110752765.00692044,geoma,13155326,8372,95977,3169,1,157.00613760000002,mixed dry
679,321391,2009,G3500090_mixed_dry.csv,2,0.0054355624978537,110752765.00692044,geoma,13155326,8372,95977,3169,1,157.00613760000002,mixed dry
680,330163,1918,G3500090_mixed_dry.csv,2,0.0014309937532251,109096143.1415208,geoma,52716091,27810,1408825,10571,1,113.3417088,mixed dry
681,330163,1919,G3500090_mixed_dry.csv,2,0.0018629519591755,70352812.37840699,geoma,41623905,21910,1221109,8328,1,113.3417088,mixed dry
682,330163,1949,G3500090_mixed_dry.csv,2,0.0014621828939977,79564604.24052519,geoma,51858724,27267,1587649,10364,1,113.3417088,mixed dry
683,330163,1958,G3500090_mixed_dry.csv,2,0.0014310327130987,97308532.37340556,geoma,52779634,27809,1489453,10570,1,113.3417088,mixed dry
684,330163,1969,G3500090_mixed_dry.csv,2,0.0022556750782282,144071374.2542621,geoma,34866117,18508,691213,7035,1,113.3417088,mixed dry
685,330163,1979,G3500090_mixed_dry.csv,2,0.0026986833652099,54416803.820049055,geoma,30103964,15858,857193,6028,1,113.3417088,mixed dry
686,330163,1984,G3500090_mixed_dry.csv,2,0.0031290027187622,36995570.29779472,geoma,26665717,14002,855709,5322,1,113.3417088,mixed dry
687,330163,1995,G3500090_mixed_dry.csv,2,0.0049108090629254,78167993.78219059,geoma,18421316,9780,360712,3717,1,113.3417088,mixed dry
688,330163,2002,G3500090_mixed_dry.csv,2,0.0075295906732563,79951700.18251061,geoma,13523288,7202,225631,2737,1,113.3417088,mixed dry
689,330163,2009,G3500090_mixed_dry.csv,2,0.0075295906732563,79951700.18251061,geoma,13523288,7202,225631,2737,1,113.3417088,mixed dry
690,339781,1918,G3500090_mixed_dry.csv,2,0.0014309937532251,109096143.1415208,geoma,52716091,27810,1408825,10571,1,113.3417088,mixed dry
691,339781,1919,G3500090_mixed_dry.csv,2,0.0018629519591755,70352812.37840699,geoma,41623905,21910,1221109,8328,1,113.3417088,mixed dry
692,339781,1949,G3500090_mixed_dry.csv,2,0.0014621828939977,79564604.24052519,geoma,51858724,27267,1587649,10364,1,113.3417088,mixed dry
693,339781,1958,G3500090_mixed_dry.csv,2,0.0014310327130987,97308532.37340556,geoma,52779634,27809,1489453,10570,1,113.3417088,mixed dry
694,339781,1969,G3500090_mixed_dry.csv,2,0.0022556750782282,144071374.2542621,geoma,34866117,18508,691213,7035,1,113.3417088,mixed dry
695,339781,1979,G3500090_mixed_dry.csv,2,0.0026986833652099,54416803.820049055,geoma,30103964,15858,857193,6028,1,113.3417088,mixed dry
696,339781,1984,G3500090_mixed_dry.csv,2,0.0031290027187622,36995570.29779472,geoma,26665717,14002,855709,5322,1,113.3417088,mixed dry
697,339781,1995,G3500090_mixed_dry.csv,2,0.0049108090629254,78167993.78219059,geoma,18421316,9780,360712,3717,1,113.3417088,mixed dry
698,339781,2002,G3500090_mixed_dry.csv,2,0.0075295906732563,79951700.18251061,geoma,13523288,7202,225631,2737,1,113.3417088,mixed dry
699,339781,2009,G3500090_mixed_dry.csv,2,0.0075295906732563,79951700.18251061,geoma,13523288,7202,225631,2737,1,113.3417088,mixed dry
700,343494,1918,G3500090_mixed_dry.csv,5,0.0007788980269788,214235564.756491,geoma,72394781,45362,4598204,20179,2,157.00613760000002,mixed dry
701,343494,1919,G3500090_mixed_dry.csv,5,0.0009439214853629,160566524.60103002,geoma,60445024,37813,3943805,16821,2,157.00613760000002,mixed dry
702,343494,1949,G3500090_mixed_dry.csv,5,0.0007118618616308,170306715.9527039,geoma,79264378,49428,5464235,21987,2,157.00613760000002,mixed dry
703,343494,1958,G3500090_mixed_dry.csv,5,0.0007015627811117,194886419.6777595,geoma,80229041,50121,5355434,22296,2,157.00613760000002,mixed dry
704,343494,1969,G3500090_mixed_dry.csv,5,0.0006733026456443,291741593.6845927,geoma,83004899,52133,5043149,23191,2,157.00613760000002,mixed dry
705,343494,1979,G3500090_mixed_dry.csv,5,0.0014326289412868,144977550.1166752,geoma,40849472,25660,2475422,11414,2,157.00613760000002,mixed dry
706,343494,1984,G3500090_mixed_dry.csv,5,0.0014196710474064,120809531.3975104,geoma,41300181,25874,2631049,11510,2,157.00613760000002,mixed dry
707,343494,1995,G3500090_mixed_dry.csv,5,0.0026321424580733,181784316.34358928,geoma,23543194,14962,1184765,6655,2,157.00613760000002,mixed dry
708,343494,2002,G3500090_mixed_dry.csv,5,0.0035484743479365,184255188.3243605,geoma,18263721,11663,864579,5188,2,157.00613760000002,mixed dry
709,343494,2009,G3500090_mixed_dry.csv,5,0.0035484743479365,184255188.3243605,geoma,18263721,11663,864579,5188,2,157.00613760000002,mixed dry
710,349621,1918,G3500090_mixed_dry.csv,2,0.0014309937532251,109096143.1415208,geoma,30727263,23571,8543832,82632,1,113.3417088,mixed dry
711,349621,1919,G3500090_mixed_dry.csv,2,0.0018629519591755,70352812.37840699,geoma,24332377,18571,6816097,49676,1,113.3417088,mixed dry
712,349621,1949,G3500090_mixed_dry.csv,2,0.0014621828939977,79564604.24052519,geoma,30361161,23111,8539071,53921,1,113.3417088,mixed dry
713,349621,1958,G3500090_mixed_dry.csv,2,0.0014310327130987,97308532.37340556,geoma,30812664,23570,8602178,70976,1,113.3417088,mixed dry
714,349621,1969,G3500090_mixed_dry.csv,2,0.0022556750782282,144071374.2542621,geoma,20061322,15686,5471187,125665,1,113.3417088,mixed dry
715,349621,1979,G3500090_mixed_dry.csv,2,0.0026986833652099,54416803.820049055,geoma,17579445,13441,4911224,39412,1,113.3417088,mixed dry
716,349621,1984,G3500090_mixed_dry.csv,2,0.0031290027187622,36995570.29779472,geoma,15634967,11868,4415544,23869,1,113.3417088,mixed dry
717,349621,1995,G3500090_mixed_dry.csv,2,0.0049108090629254,78167993.78219059,geoma,10594048,8289,2887709,68418,1,113.3417088,mixed dry
718,349621,2002,G3500090_mixed_dry.csv,2,0.0075295906732563,79951700.18251061,geoma,7725019,6104,2093458,72523,1,113.3417088,mixed dry
719,349621,2009,G3500090_mixed_dry.csv,2,0.0075295906732563,79951700.18251061,geoma,7725019,6104,2093458,72523,1,113.3417088,mixed dry
720,361288,1918,G3500090_mixed_dry.csv,2,0.0006049345889679,275844135.4497777,geoma,5984971699,1406583,5935718735,1917018,2,202.15701504,mixed dry
721,361288,1919,G3500090_mixed_dry.csv,2,0.0007331007859666,206741276.6460599,geoma,4487697942,1057979,4446690647,1432103,2,202.15701504,mixed dry
722,361288,1949,G3500090_mixed_dry.csv,2,0.0005528706554026,219282493.4396945,geoma,4765114190,1131691,4711246409,1507142,2,202.15701504,mixed dry
723,361288,1958,G3500090_mixed_dry.csv,2,0.0005448718290803,250930680.011127,geoma,5449310375,1288529,5394736762,1732724,2,202.15701504,mixed dry
724,361288,1969,G3500090_mixed_dry.csv,2,0.0005229234701925,375638880.389156,geoma,8144972126,1905807,8088379950,2622534,2,202.15701504,mixed dry
725,361288,1979,G3500090_mixed_dry.csv,2,0.0011126575876722,186669318.96679595,geoma,4047275398,946566,4019697821,1303861,2,202.15701504,mixed dry
726,361288,1984,G3500090_mixed_dry.csv,2,0.0011025937822228,155551207.29052225,geoma,3375029177,793269,3347164806,1080922,2,202.15701504,mixed dry
727,361288,1995,G3500090_mixed_dry.csv,2,0.0020442650524558,234060752.8778996,geoma,5065349466,1169457,5049660498,1656513,2,202.15701504,mixed dry
728,361288,2002,G3500090_mixed_dry.csv,2,0.0027559382573588,237242183.30994573,geoma,5132270039,1181788,5120226670,1683454,2,202.15701504,mixed dry
729,361288,2009,G3500090_mixed_dry.csv,2,0.0027559382573588,237242183.30994573,geoma,5132270039,1181788,5120226670,1683454,2,202.15701504,mixed dry
730,381353,1918,G3500090_mixed_dry.csv,4,0.0010330250762927,151124985.171451,geoma,41504167,31879,1874147,14297,1,157.00613760000002,mixed dry
731,381353,1919,G3500090_mixed_dry.csv,4,0.0013448528936059,97455945.01599,geoma,32648312,24952,1606916,11190,1,157.00613760000002,mixed dry
732,381353,1949,G3500090_mixed_dry.csv,4,0.0010555403140101,110216541.9397439,geoma,40988877,31242,2109484,14011,1,157.00613760000002,mixed dry
733,381353,1958,G3500090_mixed_dry.csv,4,0.0010330532011718,134796245.6647995,geoma,41624638,31878,1976252,14296,1,157.00613760000002,mixed dry
734,381353,1969,G3500090_mixed_dry.csv,4,0.0016283571570641,199574280.7292647,geoma,26739758,20957,902341,9398,1,157.00613760000002,mixed dry
735,381353,1979,G3500090_mixed_dry.csv,4,0.0019481619559503,75380654.47203517,geoma,23303256,17846,1106953,8003,1,157.00613760000002,mixed dry
736,381353,1984,G3500090_mixed_dry.csv,4,0.0022588066963846,51247962.13383039,geoma,20597718,15667,1096439,7026,1,157.00613760000002,mixed dry
737,381353,1995,G3500090_mixed_dry.csv,4,0.0035450810986798,108281893.02614926,geoma,13641920,10710,447404,4803,1,157.00613760000002,mixed dry
738,381353,2002,G3500090_mixed_dry.csv,4,0.0054355624978537,110752765.00692044,geoma,9671381,7683,269995,3445,1,157.00613760000002,mixed dry
739,381353,2009,G3500090_mixed_dry.csv,4,0.0054355624978537,110752765.00692044,geoma,9671381,7683,269995,3445,1,157.00613760000002,mixed dry
740,382272,1918,G3500090_mixed_dry.csv,2,0.0003987693624944,418456567.61016375,geoma,160977023,90816,4460109,35606,2,306.67293504,mixed dry
741,382272,1919,G3500090_mixed_dry.csv,2,0.0004832557740876,313627276.7502959,geoma,133684758,75340,3868415,29538,2,306.67293504,mixed dry
742,382272,1949,G3500090_mixed_dry.csv,2,0.0003644491203138,332652348.7336542,geoma,176338594,99153,5637927,38874,2,306.67293504,mixed dry
743,382272,1958,G3500090_mixed_dry.csv,2,0.0003591763405267,380662764.1161444,geoma,178642347,100574,5403740,39432,2,306.67293504,mixed dry
744,382272,1969,G3500090_mixed_dry.csv,2,0.0003447081100087,569845562.5756452,geoma,185264586,104699,4810301,41049,2,306.67293504,mixed dry
745,382272,1979,G3500090_mixed_dry.csv,2,0.0007334574101105,283178043.1568904,geoma,89191939,50422,2285787,19769,2,306.67293504,mixed dry
746,382272,1984,G3500090_mixed_dry.csv,2,0.0007268234080935,235971753.33916083,geoma,90149010,50862,2490999,19941,2,306.67293504,mixed dry
747,382272,1995,G3500090_mixed_dry.csv,2,0.0013475676322762,355071022.63324744,geoma,49972402,28489,880724,11169,2,306.67293504,mixed dry
748,382272,2002,G3500090_mixed_dry.csv,2,0.0018166984695585,359897264.29509693,geoma,37997709,21725,590135,8517,2,306.67293504,mixed dry
749,382272,2009,G3500090_mixed_dry.csv,2,0.0018166984695585,359897264.29509693,geoma,37997709,21725,590135,8517,2,306.67293504,mixed dry
750,389898,1918,G3500090_mixed_dry.csv,2,0.0008023034829663,194584596.29176173,geoma,82141698,46292,5915801,20339,1,202.15701504,mixed dry
751,389898,1919,G3500090_mixed_dry.csv,2,0.0010444859329936,125481737.48804392,geoma,64167640,36091,4800601,15857,1,202.15701504,mixed dry
752,389898,1949,G3500090_mixed_dry.csv,2,0.0008197900416715,141911949.8585105,geoma,80731974,45354,6170748,19927,1,202.15701504,mixed dry
753,389898,1958,G3500090_mixed_dry.csv,2,0.0008023253262777,173560136.429943,geoma,82239002,46291,6058105,20339,1,202.15701504,mixed dry
754,389898,1969,G3500090_mixed_dry.csv,2,0.0012646707699625,256966647.8502248,geoma,53180528,30206,3343607,13272,1,202.15701504,mixed dry
755,389898,1979,G3500090_mixed_dry.csv,2,0.001513048577921,97058168.12493996,geoma,45518836,25624,3346514,11258,1,202.15701504,mixed dry
756,389898,1984,G3500090_mixed_dry.csv,2,0.0017543121860707,65985541.77705026,geoma,39931961,22416,3089854,9849,1,202.15701504,mixed dry
757,389898,1995,G3500090_mixed_dry.csv,2,0.0027533028753534,139420946.28692356,geoma,26585239,15115,1642973,6641,1,202.15701504,mixed dry
758,389898,2002,G3500090_mixed_dry.csv,2,0.0042215535943808,142602376.71896973,geoma,18680467,10656,1077775,4682,1,202.15701504,mixed dry
759,389898,2009,G3500090_mixed_dry.csv,2,0.0042215535943808,142602376.71896973,geoma,18680467,10656,1077775,4682,1,202.15701504,mixed dry
760,400574,1918,G3500090_mixed_dry.csv,2,0.0014309937532251,109096143.1415208,geoma,21288479,21447,6247318,13122,1,113.3417088,mixed dry
761,400574,1919,G3500090_mixed_dry.csv,2,0.0018629519591755,70352812.37840699,geoma,16958934,16898,5019354,10338,1,113.3417088,mixed dry
762,400574,1949,G3500090_mixed_dry.csv,2,0.0014621828939977,79564604.24052519,geoma,21215365,21029,6309950,12866,1,113.3417088,mixed dry
763,400574,1958,G3500090_mixed_dry.csv,2,0.0014310327130987,97308532.37340556,geoma,21423646,21447,6312028,13122,1,113.3417088,mixed dry
764,400574,1969,G3500090_mixed_dry.csv,2,0.0022556750782282,144071374.2542621,geoma,13588813,14273,3921432,8733,1,113.3417088,mixed dry
765,400574,1979,G3500090_mixed_dry.csv,2,0.0026986833652099,54416803.820049055,geoma,12229897,12230,3607006,7482,1,113.3417088,mixed dry
766,400574,1984,G3500090_mixed_dry.csv,2,0.0031290027187622,36995570.29779472,geoma,10954133,10799,3274982,6607,1,113.3417088,mixed dry
767,400574,1995,G3500090_mixed_dry.csv,2,0.0049108090629254,78167993.78219059,geoma,7169082,7543,2067905,4615,1,113.3417088,mixed dry
768,400574,2002,G3500090_mixed_dry.csv,2,0.0075295906732563,79951700.18251061,geoma,5158721,5040,1477893,3398,1,113.3417088,mixed dry
769,400574,2009,G3500090_mixed_dry.csv,2,0.0075295906732563,79951700.18251061,geoma,5158721,5040,1477893,3398,1,113.3417088,mixed dry
770,403915,1918,G3500090_mixed_dry.csv,1,0.0007788980269788,214235564.756491,geoma,116995074,494488,1101981,17171,2,157.00613760000002,mixed dry
771,403915,1919,G3500090_mixed_dry.csv,1,0.0009439214853629,160566524.60103002,geoma,97627543,374362,987768,14313,2,157.00613760000002,mixed dry
772,403915,1949,G3500090_mixed_dry.csv,1,0.0007118618616308,170306715.9527039,geoma,127941551,406234,1519355,18710,2,157.00613760000002,mixed dry
773,403915,1958,G3500090_mixed_dry.csv,1,0.0007015627811117,194886419.6777595,geoma,129535552,458533,1403364,18972,2,157.00613760000002,mixed dry
774,403915,1969,G3500090_mixed_dry.csv,1,0.0006733026456443,291741593.6845927,geoma,134240568,663907,1105462,19734,2,157.00613760000002,mixed dry
775,403915,1979,G3500090_mixed_dry.csv,1,0.0014326289412868,144977550.1166752,geoma,66067287,329678,539615,9713,2,157.00613760000002,mixed dry
776,403915,1984,G3500090_mixed_dry.csv,1,0.0014196710474064,120809531.3975104,geoma,66741012,279136,633796,9794,2,157.00613760000002,mixed dry
777,403915,1995,G3500090_mixed_dry.csv,1,0.0026321424580733,181784316.34358928,geoma,38306927,396456,183874,5663,2,157.00613760000002,mixed dry
778,403915,2002,G3500090_mixed_dry.csv,1,0.0035484743479365,184255188.3243605,geoma,29835295,398401,112027,4345,2,157.00613760000002,mixed dry
779,403915,2009,G3500090_mixed_dry.csv,1,0.0035484743479365,184255188.3243605,geoma,29835295,398401,112027,4345,2,157.00613760000002,mixed dry
780,410163,1918,G3500090_mixed_dry.csv,1,0.0006049345889679,275844135.4497777,geoma,118420090,62554,1317988,21871,2,202.15701504,mixed dry
781,410163,1919,G3500090_mixed_dry.csv,1,0.0007331007859666,206741276.6460599,geoma,98601296,52032,1189183,18192,2,202.15701504,mixed dry
782,410163,1949,G3500090_mixed_dry.csv,1,0.0005528706554026,219282493.4396945,geoma,129578303,68222,1819757,23852,2,202.15701504,mixed dry
783,410163,1958,G3500090_mixed_dry.csv,1,0.0005448718290803,250930680.011127,geoma,131236517,69189,1693949,24190,2,202.15701504,mixed dry
784,410163,1969,G3500090_mixed_dry.csv,1,0.0005229234701925,375638880.389156,geoma,136074282,71994,1329212,25171,2,202.15701504,mixed dry
785,410163,1979,G3500090_mixed_dry.csv,1,0.0011126575876722,186669318.96679595,geoma,66310850,35090,638471,12268,2,202.15701504,mixed dry
786,410163,1984,G3500090_mixed_dry.csv,1,0.0011025937822228,155551207.29052225,geoma,66995117,35388,747314,12372,2,202.15701504,mixed dry
787,410163,1995,G3500090_mixed_dry.csv,1,0.0020442650524558,234060752.8778996,geoma,37866949,20177,223005,7054,2,202.15701504,mixed dry
788,410163,2002,G3500090_mixed_dry.csv,1,0.0027559382573588,237242183.30994573,geoma,29148038,15578,130355,5360,2,202.15701504,mixed dry
789,410163,2009,G3500090_mixed_dry.csv,1,0.0027559382573588,237242183.30994573,geoma,29148038,15578,130355,5360,2,202.15701504,mixed dry
790,412181,1918,G3500090_mixed_dry.csv,1,0.0010330250762927,151124985.171451,geoma,64707292,36465,852136,13150,1,157.00613760000002,mixed dry
791,412181,1919,G3500090_mixed_dry.csv,1,0.0013448528936059,97455945.01599,geoma,50751847,28542,768906,10293,1,157.00613760000002,mixed dry
792,412181,1949,G3500090_mixed_dry.csv,1,0.0010555403140101,110216541.9397439,geoma,63613091,35737,1030816,12887,1,157.00613760000002,mixed dry
793,412181,1958,G3500090_mixed_dry.csv,1,0.0010330532011718,134796245.6647995,geoma,64784640,36465,928437,13150,1,157.00613760000002,mixed dry
794,412181,1969,G3500090_mixed_dry.csv,1,0.0016283571570641,199574280.7292647,geoma,42200535,23972,346056,8645,1,157.00613760000002,mixed dry
795,412181,1979,G3500090_mixed_dry.csv,1,0.0019481619559503,75380654.47203517,geoma,36268646,20414,520187,7361,1,157.00613760000002,mixed dry
796,412181,1984,G3500090_mixed_dry.csv,1,0.0022588066963846,51247962.13383039,geoma,31929610,17922,542296,6463,1,157.00613760000002,mixed dry
797,412181,1995,G3500090_mixed_dry.csv,1,0.0035450810986798,108281893.02614926,geoma,21552367,12251,170541,4418,1,157.00613760000002,mixed dry
798,412181,2002,G3500090_mixed_dry.csv,1,0.0054355624978537,110752765.00692044,geoma,15414270,8788,95979,3169,1,157.00613760000002,mixed dry
799,412181,2009,G3500090_mixed_dry.csv,1,0.0054355624978537,110752765.00692044,geoma,15414270,8788,95979,3169,1,157.00613760000002,mixed dry
800,426342,1918,G3500090_mixed_dry.csv,4,0.0008023034829663,194584596.29176173,geoma,78137058,45558,5905435,20339,1,202.15701504,mixed dry
801,426342,1919,G3500090_mixed_dry.csv,4,0.0010444859329936,125481737.48804392,geoma,61048223,35518,4791867,15857,1,202.15701504,mixed dry
802,426342,1949,G3500090_mixed_dry.csv,4,0.0008197900416715,141911949.8585105,geoma,76807647,44634,6160154,19927,1,202.15701504,mixed dry
803,426342,1958,G3500090_mixed_dry.csv,4,0.0008023253262777,173560136.429943,geoma,78235854,45557,6048639,20339,1,202.15701504,mixed dry
804,426342,1969,G3500090_mixed_dry.csv,4,0.0012646707699625,256966647.8502248,geoma,50556020,29727,3333902,13272,1,202.15701504,mixed dry
805,426342,1979,G3500090_mixed_dry.csv,4,0.001513048577921,97058168.12493996,geoma,43302857,25218,3341176,11258,1,202.15701504,mixed dry
806,426342,1984,G3500090_mixed_dry.csv,4,0.0017543121860707,65985541.77705026,geoma,37987985,22060,3083949,9849,1,202.15701504,mixed dry
807,426342,1995,G3500090_mixed_dry.csv,4,0.0027533028753534,139420946.28692356,geoma,25276544,14875,1638783,6641,1,202.15701504,mixed dry
808,426342,2002,G3500090_mixed_dry.csv,4,0.0042215535943808,142602376.71896973,geoma,17744439,10487,1077529,4682,1,202.15701504,mixed dry
809,426342,2009,G3500090_mixed_dry.csv,4,0.0042215535943808,142602376.71896973,geoma,17744439,10487,1077529,4682,1,202.15701504,mixed dry
810,429845,1918,G3500090_mixed_dry.csv,1,0.0007788980269788,214235564.756491,geoma,37399660,37876,14983928,167261,2,157.00613760000002,mixed dry
811,429845,1919,G3500090_mixed_dry.csv,1,0.0009439214853629,160566524.60103002,geoma,31363736,31573,12573258,121609,2,157.00613760000002,mixed dry
812,429845,1949,G3500090_mixed_dry.csv,1,0.0007118618616308,170306715.9527039,geoma,41463943,41271,16644942,119823,2,157.00613760000002,mixed dry
813,429845,1958,G3500090_mixed_dry.csv,1,0.0007015627811117,194886419.6777595,geoma,41773409,41850,16754944,143448,2,157.00613760000002,mixed dry
814,429845,1969,G3500090_mixed_dry.csv,1,0.0006733026456443,291741593.6845927,geoma,42563889,43530,17036773,237249,2,157.00613760000002,mixed dry
815,429845,1979,G3500090_mixed_dry.csv,1,0.0014326289412868,144977550.1166752,geoma,20938085,21425,8380340,118141,2,157.00613760000002,mixed dry
816,429845,1984,G3500090_mixed_dry.csv,1,0.0014196710474064,120809531.3975104,geoma,21346522,21604,8552928,94031,2,157.00613760000002,mixed dry
817,429845,1995,G3500090_mixed_dry.csv,1,0.0026321424580733,181784316.34358928,geoma,11622899,11336,4696700,165055,2,157.00613760000002,mixed dry
818,429845,2002,G3500090_mixed_dry.csv,1,0.0035484743479365,184255188.3243605,geoma,8869599,8836,3603534,170742,2,157.00613760000002,mixed dry
819,429845,2009,G3500090_mixed_dry.csv,1,0.0035484743479365,184255188.3243605,geoma,8869599,8836,3603534,170742,2,157.00613760000002,mixed dry
820,430004,1918,G3500090_mixed_dry.csv,2,0.0007788980269788,214235564.756491,geoma,93488644,49112,11473172,23173,2,157.00613760000002,mixed dry
821,430004,1919,G3500090_mixed_dry.csv,2,0.0009439214853629,160566524.60103002,geoma,78110025,40939,9754326,19317,2,157.00613760000002,mixed dry
822,430004,1949,G3500090_mixed_dry.csv,2,0.0007118618616308,170306715.9527039,geoma,102620055,53514,13310197,25250,2,157.00613760000002,mixed dry
823,430004,1958,G3500090_mixed_dry.csv,2,0.0007015627811117,194886419.6777595,geoma,103742266,54265,13153625,25604,2,157.00613760000002,mixed dry
824,430004,1969,G3500090_mixed_dry.csv,2,0.0006733026456443,291741593.6845927,geoma,107129248,56443,12843185,26632,2,157.00613760000002,mixed dry
825,430004,1979,G3500090_mixed_dry.csv,2,0.0014326289412868,144977550.1166752,geoma,52721143,27781,6312653,13108,2,157.00613760000002,mixed dry
826,430004,1984,G3500090_mixed_dry.csv,2,0.0014196710474064,120809531.3975104,geoma,53338116,28013,6557685,13218,2,157.00613760000002,mixed dry
827,430004,1995,G3500090_mixed_dry.csv,2,0.0026321424580733,181784316.34358928,geoma,30503962,16199,3447127,7643,2,157.00613760000002,mixed dry
828,430004,2002,G3500090_mixed_dry.csv,2,0.0035484743479365,184255188.3243605,geoma,23732272,12627,2644530,5958,2,157.00613760000002,mixed dry
829,430004,2009,G3500090_mixed_dry.csv,2,0.0035484743479365,184255188.3243605,geoma,23732272,12627,2644530,5958,2,157.00613760000002,mixed dry
830,430717,1918,G3500090_mixed_dry.csv,6,0.0019726693547284,79139415.31167698,geoma,15968791,16059,2604783,8870,1,82.2191904,mixed dry
831,430717,1919,G3500090_mixed_dry.csv,6,0.0025681371640611,51034622.09417228,geoma,12832710,12759,2164080,7047,1,82.2191904,mixed dry
832,430717,1949,G3500090_mixed_dry.csv,6,0.0020156645544375,57716946.51874163,geoma,15923735,15756,2724082,8702,1,82.2191904,mixed dry
833,430717,1958,G3500090_mixed_dry.csv,6,0.0019727230621247,70588566.51677369,geoma,16069579,16059,2667391,8870,1,82.2191904,mixed dry
834,430717,1969,G3500090_mixed_dry.csv,6,0.0031095181869361,104510791.9795262,geoma,10365376,10855,1528916,5996,1,82.2191904,mixed dry
835,430717,1979,G3500090_mixed_dry.csv,6,0.0037202188763346,39474484.73831428,geoma,9401039,9373,1571569,5177,1,82.2191904,mixed dry
836,430717,1984,G3500090_mixed_dry.csv,6,0.0043134274767118,26836950.58487568,geoma,8482936,8335,1481706,4603,1,82.2191904,mixed dry
837,430717,1995,G3500090_mixed_dry.csv,6,0.0067697028890045,56703831.55511367,geoma,5708463,5973,843823,3299,1,82.2191904,mixed dry
838,430717,2002,G3500090_mixed_dry.csv,6,0.0103797747134155,57997749.72255892,geoma,4244423,4110,601676,2502,1,82.2191904,mixed dry
839,430717,2009,G3500090_mixed_dry.csv,6,0.0103797747134155,57997749.72255892,geoma,4244423,4110,601676,2502,1,82.2191904,mixed dry
840,462872,1918,G3500090_mixed_dry.csv,1,0.0014309937532251,109096143.1415208,geoma,41061592,25687,3461057,11846,1,113.3417088,mixed dry
841,462872,1919,G3500090_mixed_dry.csv,1,0.0018629519591755,70352812.37840699,geoma,32450771,20237,2845724,9333,1,113.3417088,mixed dry
842,462872,1949,G3500090_mixed_dry.csv,1,0.0014621828939977,79564604.24052519,geoma,40444032,25185,3615560,11615,1,113.3417088,mixed dry
843,462872,1958,G3500090_mixed_dry.csv,1,0.0014310327130987,97308532.37340556,geoma,41133641,25686,3544877,11846,1,113.3417088,mixed dry
844,462872,1969,G3500090_mixed_dry.csv,1,0.0022556750782282,144071374.2542621,geoma,27054068,17095,1998353,7884,1,113.3417088,mixed dry
845,462872,1979,G3500090_mixed_dry.csv,1,0.0026986833652099,54416803.820049055,geoma,23463234,14647,2030010,6755,1,113.3417088,mixed dry
846,462872,1984,G3500090_mixed_dry.csv,1,0.0031290027187622,36995570.29779472,geoma,20800411,12933,1896249,5965,1,113.3417088,mixed dry
847,462872,1995,G3500090_mixed_dry.csv,1,0.0049108090629254,78167993.78219059,geoma,14291123,9034,1049972,4166,1,113.3417088,mixed dry
848,462872,2002,G3500090_mixed_dry.csv,1,0.0075295906732563,79951700.18251061,geoma,10469133,6652,724271,3068,1,113.3417088,mixed dry
849,462872,2009,G3500090_mixed_dry.csv,1,0.0075295906732563,79951700.18251061,geoma,10469133,6652,724271,3068,1,113.3417088,mixed dry
850,466697,1918,G3500090_mixed_dry.csv,2,0.0014309937532251,109096143.1415208,geoma,61338403,51919,9648688,13122,1,113.3417088,mixed dry
851,466697,1919,G3500090_mixed_dry.csv,2,0.0018629519591755,70352812.37840699,geoma,48325374,37092,7601855,10338,1,113.3417088,mixed dry
852,466697,1949,G3500090_mixed_dry.csv,2,0.0014621828939977,79564604.24052519,geoma,60139690,44208,9460390,12866,1,113.3417088,mixed dry
853,466697,1958,G3500090_mixed_dry.csv,2,0.0014310327130987,97308532.37340556,geoma,61336155,49037,9648447,13122,1,113.3417088,mixed dry
854,466697,1969,G3500090_mixed_dry.csv,2,0.0022556750782282,144071374.2542621,geoma,40825663,52022,6421294,8733,1,113.3417088,mixed dry
855,466697,1979,G3500090_mixed_dry.csv,2,0.0026986833652099,54416803.820049055,geoma,34976585,27701,5501981,7482,1,113.3417088,mixed dry
856,466697,1984,G3500090_mixed_dry.csv,2,0.0031290027187622,36995570.29779472,geoma,30883573,21757,4858237,6607,1,113.3417088,mixed dry
857,466697,1995,G3500090_mixed_dry.csv,2,0.0049108090629254,78167993.78219059,geoma,21575042,27988,3393427,4615,1,113.3417088,mixed dry
858,466697,2002,G3500090_mixed_dry.csv,2,0.0075295906732563,79951700.18251061,geoma,15888299,26083,2498773,3398,1,113.3417088,mixed dry
859,466697,2009,G3500090_mixed_dry.csv,2,0.0075295906732563,79951700.18251061,geoma,15888299,26083,2498773,3398,1,113.3417088,mixed dry
860,476184,1918,G3500090_mixed_dry.csv,2,0.0003987693624944,418456567.61016375,geoma,138822661,86520,37873070,844849,2,306.67293504,mixed dry
861,476184,1919,G3500090_mixed_dry.csv,2,0.0004832557740876,313627276.7502959,geoma,115336781,71776,31583291,626389,2,306.67293504,mixed dry
862,476184,1949,G3500090_mixed_dry.csv,2,0.0003644491203138,332652348.7336542,geoma,152302925,94462,42118270,646366,2,306.67293504,mixed dry
863,476184,1958,G3500090_mixed_dry.csv,2,0.0003591763405267,380662764.1161444,geoma,154178793,95816,42380612,751724,2,306.67293504,mixed dry
864,476184,1969,G3500090_mixed_dry.csv,2,0.0003447081100087,569845562.5756452,geoma,159653002,99746,43327539,1168267,2,306.67293504,mixed dry
865,476184,1979,G3500090_mixed_dry.csv,2,0.0007334574101105,283178043.1568904,geoma,76851179,48037,20836308,582061,2,306.67293504,mixed dry
866,476184,1984,G3500090_mixed_dry.csv,2,0.0007268234080935,235971753.33916083,geoma,77739969,48455,21203813,476747,2,306.67293504,mixed dry
867,476184,1995,G3500090_mixed_dry.csv,2,0.0013475676322762,355071022.63324744,geoma,42923134,27142,11517819,762364,2,306.67293504,mixed dry
868,476184,2002,G3500090_mixed_dry.csv,2,0.0018166984695585,359897264.29509693,geoma,32595276,20697,8738503,779424,2,306.67293504,mixed dry
869,476184,2009,G3500090_mixed_dry.csv,2,0.0018166984695585,359897264.29509693,geoma,32595276,20697,8738503,779424,2,306.67293504,mixed dry
870,493129,1918,G3500090_mixed_dry.csv,1,0.0027579974390753,56604802.13818253,geoma,11967951,12006,380103,5443,1,58.80762432,mixed dry
871,493129,1919,G3500090_mixed_dry.csv,1,0.0035905235232134,36502729.70125542,geoma,9730952,9645,355321,4372,1,58.80762432,mixed dry
872,493129,1949,G3500090_mixed_dry.csv,1,0.0028181092111804,41282290.56086265,geoma,11944095,11789,455511,5344,1,58.80762432,mixed dry
873,493129,1958,G3500090_mixed_dry.csv,1,0.0027580725276152,50488771.3052178,geoma,12042923,12006,412168,5442,1,58.80762432,mixed dry
874,493129,1969,G3500090_mixed_dry.csv,1,0.0043474306405031,74751786.805695,geoma,7943785,8284,165397,3755,1,58.80762432,mixed dry
875,493129,1979,G3500090_mixed_dry.csv,1,0.0052012538792355,28234292.473845124,geoma,7274621,7223,260538,3274,1,58.80762432,mixed dry
876,493129,1984,G3500090_mixed_dry.csv,1,0.0060306213536966,19195242.621724635,geoma,6626722,6481,277225,2938,1,58.80762432,mixed dry
877,493129,1995,G3500090_mixed_dry.csv,1,0.0094647504846272,40557655.79026774,geoma,4614162,4791,98995,2172,1,58.80762432,mixed dry
878,493129,2002,G3500090_mixed_dry.csv,1,0.0145120073007468,41483136.242237054,geoma,3558963,3760,66049,1704,1,58.80762432,mixed dry
879,493129,2009,G3500090_mixed_dry.csv,1,0.0145120073007468,41483136.242237054,geoma,3558963,3760,66049,1704,1,58.80762432,mixed dry
880,499407,1918,G3500090_mixed_dry.csv,3,0.0007788980269788,214235564.756491,geoma,108322344,96962,17039174,23173,2,157.00613760000002,mixed dry
881,499407,1919,G3500090_mixed_dry.csv,3,0.0009439214853629,160566524.60103002,geoma,90296099,76422,14203808,19317,2,157.00613760000002,mixed dry
882,499407,1949,G3500090_mixed_dry.csv,3,0.0007118618616308,170306715.9527039,geoma,118027662,90221,18566434,25250,2,157.00613760000002,mixed dry
883,499407,1958,G3500090_mixed_dry.csv,3,0.0007015627811117,194886419.6777595,geoma,119685060,96911,18826939,25604,2,157.00613760000002,mixed dry
884,499407,1969,G3500090_mixed_dry.csv,3,0.0006733026456443,291741593.6845927,geoma,124494884,122564,19582688,26632,2,157.00613760000002,mixed dry
885,499407,1979,G3500090_mixed_dry.csv,3,0.0014326289412868,144977550.1166752,geoma,61276549,60664,9638612,13108,2,157.00613760000002,mixed dry
886,499407,1984,G3500090_mixed_dry.csv,3,0.0014196710474064,120809531.3975104,geoma,61786648,54967,9719093,13218,2,157.00613760000002,mixed dry
887,499407,1995,G3500090_mixed_dry.csv,3,0.0026321424580733,181784316.34358928,geoma,35736554,59145,5620315,7643,2,157.00613760000002,mixed dry
888,499407,2002,G3500090_mixed_dry.csv,3,0.0035484743479365,184255188.3243605,geoma,27859017,56505,4381000,5958,2,157.00613760000002,mixed dry
889,499407,2009,G3500090_mixed_dry.csv,3,0.0035484743479365,184255188.3243605,geoma,27859017,56505,4381000,5958,2,157.00613760000002,mixed dry
890,516190,1918,G3500090_mixed_dry.csv,2,0.0014309937532251,109096143.1415208,geoma,21288479,21447,2675863,11426,1,113.3417088,mixed dry
891,516190,1919,G3500090_mixed_dry.csv,2,0.0018629519591755,70352812.37840699,geoma,16958883,16898,2229942,9002,1,113.3417088,mixed dry
892,516190,1949,G3500090_mixed_dry.csv,2,0.0014621828939977,79564604.24052519,geoma,21215293,21029,2851504,11203,1,113.3417088,mixed dry
893,516190,1958,G3500090_mixed_dry.csv,2,0.0014310327130987,97308532.37340556,geoma,21423627,21447,2762328,11426,1,113.3417088,mixed dry
894,516190,1969,G3500090_mixed_dry.csv,2,0.0022556750782282,144071374.2542621,geoma,13588812,14273,1473214,7604,1,113.3417088,mixed dry
895,516190,1979,G3500090_mixed_dry.csv,2,0.0026986833652099,54416803.820049055,geoma,12229877,12230,1583823,6515,1,113.3417088,mixed dry
896,516190,1984,G3500090_mixed_dry.csv,2,0.0031290027187622,36995570.29779472,geoma,10954071,10799,1507600,5753,1,113.3417088,mixed dry
897,516190,1995,G3500090_mixed_dry.csv,2,0.0049108090629254,78167993.78219059,geoma,7169082,7543,773609,4018,1,113.3417088,mixed dry
898,516190,2002,G3500090_mixed_dry.csv,2,0.0075295906732563,79951700.18251061,geoma,5158717,5040,527924,2959,1,113.3417088,mixed dry
899,516190,2009,G3500090_mixed_dry.csv,2,0.0075295906732563,79951700.18251061,geoma,5158717,5040,527924,2959,1,113.3417088,mixed dry
900,522855,1918,G3500090_mixed_dry.csv,3,0.0019726693547284,79139415.31167698,geoma,15968791,16059,2020779,8556,1,82.2191904,mixed dry
901,522855,1919,G3500090_mixed_dry.csv,3,0.0025681371640611,51034622.09417228,geoma,12832710,12759,1702942,6797,1,82.2191904,mixed dry
902,522855,1949,G3500090_mixed_dry.csv,3,0.0020156645544375,57716946.51874163,geoma,15923735,15756,2156175,8394,1,82.2191904,mixed dry
903,522855,1958,G3500090_mixed_dry.csv,3,0.0019727230621247,70588566.51677369,geoma,16069579,16059,2086729,8555,1,82.2191904,mixed dry
904,522855,1969,G3500090_mixed_dry.csv,3,0.0031095181869361,104510791.9795262,geoma,10365376,10855,1133064,5783,1,82.2191904,mixed dry
905,522855,1979,G3500090_mixed_dry.csv,3,0.0037202188763346,39474484.73831428,geoma,9401039,9373,1232879,4993,1,82.2191904,mixed dry
906,522855,1984,G3500090_mixed_dry.csv,3,0.0043134274767118,26836950.58487568,geoma,8482936,8335,1185333,4440,1,82.2191904,mixed dry
907,522855,1995,G3500090_mixed_dry.csv,3,0.0067697028890045,56703831.55511367,geoma,5708463,5973,625497,3182,1,82.2191904,mixed dry
908,522855,2002,G3500090_mixed_dry.csv,3,0.0103797747134155,57997749.72255892,geoma,4244423,4110,442205,2413,1,82.2191904,mixed dry
909,522855,2009,G3500090_mixed_dry.csv,3,0.0103797747134155,57997749.72255892,geoma,4244423,4110,442205,2413,1,82.2191904,mixed dry
910,524719,1918,G3500090_mixed_dry.csv,4,0.0010330250762927,151124985.171451,geoma,2080902628,351514,2008221269,316109,1,157.00613760000002,mixed dry
911,524719,1919,G3500090_mixed_dry.csv,4,0.0013448528936059,97455945.01599,geoma,1346938301,231388,1290014372,203641,1,157.00613760000002,mixed dry
912,524719,1949,G3500090_mixed_dry.csv,4,0.0010555403140101,110216541.9397439,geoma,1526763235,264924,1455464323,230155,1,157.00613760000002,mixed dry
913,524719,1958,G3500090_mixed_dry.csv,4,0.0010330532011718,134796245.6647995,geoma,1860003491,317223,1787299096,281793,1,157.00613760000002,mixed dry
914,524719,1969,G3500090_mixed_dry.csv,4,0.0016283571570641,199574280.7292647,geoma,2723890344,441557,2676169477,418351,1,157.00613760000002,mixed dry
915,524719,1979,G3500090_mixed_dry.csv,4,0.0019481619559503,75380654.47203517,geoma,1040171930,177418,999469862,157583,1,157.00613760000002,mixed dry
916,524719,1984,G3500090_mixed_dry.csv,4,0.0022588066963846,51247962.13383039,geoma,711214798,124405,675447152,106958,1,157.00613760000002,mixed dry
917,524719,1995,G3500090_mixed_dry.csv,4,0.0035450810986798,108281893.02614926,geoma,1477133904,238866,1452746128,227008,1,157.00613760000002,mixed dry
918,524719,2002,G3500090_mixed_dry.csv,4,0.0054355624978537,110752765.00692044,geoma,1507113954,240811,1489622671,232312,1,157.00613760000002,mixed dry
919,524719,2009,G3500090_mixed_dry.csv,4,0.0054355624978537,110752765.00692044,geoma,1507113954,240811,1489622671,232312,1,157.00613760000002,mixed dry
